date,news/0,news/1,news/2,news/3,news/4,news/5,news/6,news/7,news/8,news/9,news/10,news/11,news/12,news/13,news/14,news/15,news/16,news/17,news/18,news/19,news/20,news/21,news/22,news/23,news/24,news/25,news/26,news/27,news/28,news/29,news/30,news/31,news/32,news/33,news/34,news/35,news/36,news/37,news/38,news/39,news/40,news/41,news/42,news/43,news/44,news/45,news/46,news/47,news/48,news/49,news/50,news/51,news/52,news/53,news/54
1/28/2022,V MA (big volume) MSFT AAPL CF NVDA TSLA (200SMAs) MDRX (monster bull snort on earnings) my focus list. Some more earnings on deck next week too. https://t.co/ag6LpbTt5l,"$spy

Good close on SPY

next levels towards upside 446 and 460

$spx $aapl $msft $amzn $fb $goog $qqq $iwm $nq $vix https://t.co/rV8OnDGZvq","Join the most profitable trading group 

$GOOG $AAPL $SPY $AMZN $TDOC $TSLA $COST $BA $NFLX $NVDA $TWTR $ZM $BABA $FB https://t.co/OVS9bqaZLt","No matter how great the talent or efforts, some things just take time. You can‚Äôt produce a üçºbaby in one month by getting nine women pregnant ü§∞
Be patient, and you will be rewarded.üëå‚úåÔ∏è
$PLTR $NIO $AAPL #stockmarketcrash #investing #NASDAQ100 #QQQ  #Apple #inflation #earnings","Support, meet Resistance. Resistance, Support.

$AAPL üêÇ https://t.co/wZhopAhh9b","@MasterPandaWu Is nice to see AAPL today, have you any idea on FB (Meta)?",Did AAPL just save the market?,"Today's Most Active Stocks (Highest Trading Volume):

$AAPL (Price: 170.33, Vol: 175.21M)
$TQQQ (Price: 56.37, Vol: 163.86M)
$SPY (Price: 441.95, Vol: 161.33M)
$UVXY (Price: 16.95, Vol: 110.87M)
$QQQ (Price: 351.80, Vol: 106.30M)
$IMPP (Price: 2.18, Vol: 103.98M)","@ParrotStock +3.5% today. 10 more days like this and back to ATH.
$AAPL really saved the day
-17.5% YTD
-22% from ATH (11/2021)",Can $AAPL switch to a weekly ER? #bearmarket #StockMarket https://t.co/Jt6kCPbyfX,$AAPL will keep running next week to new ATH  due to sentiment before any pull back happens. üëç,"Yeah I told you yesterday, catch that bounce baby
https://t.co/BFD09ItkNc
$AAPL 169.99 +6.76%
$AMZN 2875.98 +2.98%
$BABA 114.88 +2.86%
$BIDU 146.54 +1.95%
$FB 301.23 +2.24%
$GOOG 2667.42 +3.27%
$NFLX 383.68 -0.67%
$NVDA 228.35 +4.08%
$TSLA 846.38 +2.08%
$MSFT 307.96 +2.72%","$SPY TREND FRIEND, MONDAY momo, last few weeks= it will be a .....day 

Do own DD. Be good now, a seasoned pro, or, out

God bless your trades. 

$AAPL $QQQ $AMD üåü https://t.co/3vxhK50Xpf","I roll my eyes a bit at the concept of the Fed put, PPT, etc.  Yet an AAPL Put, I can fully embrace.  Buyback billions, central banks owning it, monstrous passive allocations to it, it is the market and the transmission of its performance to global fin health is transparent",$AAPL closing above 50dma... https://t.co/E7K2BkwdJ6,"$SPY Need to break the solid red downtrending channel to the upside to indicate desire to challenge all time highs. Earnings in the coming weeks &amp; guidance commentary should influence the path. $AAPL $MSFT provided the initial boost, now its up to others to carry it forward. https://t.co/TeUM32uEoG","$NFLX $M $DIS $IBIO $HPTY $NIO $NKLA $AAPL $NOW 
Alerts before spikes and right as big news drops
Free discord chatroom : https://t.co/JXZrgU8oI1","Alerts before spikes and right as big news drops 
Free discord chatroom 

$ACHV $SONN $ZN $COCP $HBP $KODK $OPTI $AAPL $SPY $PINS $CHFS $FB $SPX $MSFT $HTGM https://t.co/Hm8y31pdCs","$SPY $QQQ $COIN $BABA $AAPL 

Yes, you bears eat a ‚Ä¶. Ô∏è",Revenue per day: $1.36bn $aapl https://t.co/J00jL51zfP,@Cali_Luna5 @MetzTrey ‚úäüèæ together $AAPL users strong üòÜ,"To my one member, congrats. Best day ever for AAPL",AAPL carried the market today? what about tomorrow?,"@Reuters: Apple lost over $6 billion in sales as a result of the global chip shortage but that doesn‚Äôt seem to have hurt too much, the world‚Äôs most valuable firm still beat analysts with quarterly revenue of almost $124 billion, this is the Week in Numbers üëá $AAPL https://t.co/tpbgCE1hTK","TSLA, AAPL and NVDA carried the day","Current portfolio vs. Actively managed (i.e., Canaccord Genuity)? or Bank (RBC)",$AAPL Awaiting Short signal with https://t.co/XPt98Ai7Qt https://t.co/VufD5E3Wyx,AAPL ROARS AND CARRIES LIKE A FUCKING MYTHICAL BEAST,Can you have your option stoploss on the original ticker chart? not on options price history?,"Loup Ventures founder also estimated, AAPL (Apple) see its stock pop 10% today on its earnings beat.","Gain AAPL, buy the dips",Todays most active stock options $AAPL $TSLA $F $BBD $UBER $NIO $AAL $HOOD,No HDMI output on Lenovo X1 Yoga Gen 4,$AAPL - customers show no signs of faltering,"4 Top Stock Trades for Friday: #AAPL, #MCD, #NOW, #LCID - Read more on Pippost",Opening a Roth IRA for Lyft Tax withholding.,Opening a Roth IRA for Lyft Tax withholding,"TSLA, AAPL, MSFT, NVDA, NFLX and several other stocks showing same closing price on Jan. 27th as Jan. 26th","Apple's ""Most Innovative Lineup""",Apple Posts All-Time Quarterly Revenues: ETFs to Buy,Apple Stock Jumps after CEO Hints at Metaverse Investment,Viral TikTok shows the ‚Äòsecret button‚Äô hidden in the back of iPhone that can be used for anything,iPhone update will let people use Face ID with a mask,Will Apple buy Peloton?,"Apple shares hold up to tech rout on strong results, metaverse tease",European markets fall as French economy grows but Germany shrinks,Apple and Microsoft Lead Gains as Tech Stocks Stage Comeback,Apple Posts Highest-Ever Quarterly Earnings in Sign It Tamed Supply Crisis,"Google, Meta Can‚Äôt Just Eat Up Competitors, California AG Says","Apple makes easy escape from supply crisis, but others may have to wait",Potlach and Fisker have been highlighted as Zacks Bull and Bear of the Day,Dozens of U.S. states say Apple stifles competition; back 'Fortnite' maker,"Apple teases metaverse AR plans, stock jumps","Apple finally adds ‚ÄòUniversal Control‚Äô feature to Mac and iPad software, months after it was announced","Apple, Visa power Wall St higher as roller-coaster week winds down"
1/27/2022,"Fun fact on $AAPL recent earnings:

In the time it took me to write this tweet (2 min), @Apple generated nearly $2M in revenue.

They earned approx. $956K in revenue PER MINUTE ü§Ø",50M lighter volume on $QQQ and still a lower close than yesterday. $MSFT and $AAPL both with strong earnings. Might be time for the Hedgies to cover üò¨,"After hours ‚≠ê 

$IMPP +29%
$VCNX +18%
$INDO +12%
$TEAM +9%
$AFRM +7%
$AAPL +4%
$V +4%
$HOOD -11%","üëâüö® $AAPL - Apple, Inc. reported late Thursday with strong quarterly results that ""wowed"" a Wedbush analyst. 
The Apple Analyst: Daniel Ives has an Outperform rating on Apple with a $200 price target. 
The Apple Tak... https://t.co/iuULBoCHhQ",@OneAngryWiife $AAPL just said ‚Äúfuck the puts‚Äù,"„ÄêGAFAM„Äë
üì± $GOOG 2582.42 (-0.09%)
üõí $AMZN 2844.96 (+2.43%)
üìò $FB 294.64 (+0.00%)
üçé $AAPL 159.22 (-0.29%)
üíª $MSFT 299.84 (+1.05%)

#Á±≥ÂõΩÊ†™
2022-01-28 08:58:48",$AAPL mega upgrades will come overnight before market open tomorrow and it will open $170+.,"$AAPL just turned in a great quarter report card, in the mist of their worst supply chain issues. What‚Äôs really encouraging is Cook said the supply chain is getting better. Will that, if it‚Äôs true to other companies and our economy as a whole, drive down inflation?",$AAPL safe haven for many buyers,"„ÄêGAFAM„Äë
üì± $GOOG 2582.42 (-0.09%)
üõí $AMZN 2844.96 (+2.43%)
üìò $FB 294.64 (+0.00%)
üçé $AAPL 159.22 (-0.29%)
üíª $MSFT 299.84 (+1.05%)
#Á±≥ÂõΩÊ†™
2022-01-28 08:58:39",Weird how Tim Apple didn‚Äôt mention how his deal with CCP is going $AAPL https://t.co/A9A9sDUiKk,Now they're manipulating futures. $180 $aapl. Defend our Mkt from these thieves. They utterly destroyed $tsla and all EVs w/o basis. Fight back. @GaryGensler do your job. Oversight for a change. Protect out mkts. @SECEnfDirector,$AAPL - Apple Shares At $167.37 As Conference Call Ends,"„ÄêGAFAM„Äë
üì± $GOOG 2582.42 (-0.09%)
üõí $AMZN 2844.96 (+2.43%)
üìò $FB 294.64 (+0.00%)
üçé $AAPL 159.22 (-0.29%)
üíª $MSFT 299.84 (+1.05%)
#Á±≥ÂõΩÊ†™

2022-01-28 08:58:12","$AAPL Some of the best posts so far by intelligent bears

‚Äúgrowth has peaked‚Äù
‚Äúnobody buying iPhones‚Äù 
‚ÄúMacBooks too expensive‚Äù
‚Äúway overpriced‚Äù
‚ÄúAndroid is better‚Äù

Wrong üòë",@munster_gene @JRogrow $AAPL and $V just showed us why we‚Äôve seen the lows,"$AAPL Congrats longs, you gained last weeks price back, lol ‚ù§",$AAPL Rollin in with an S on the Cheat to save the market üìå,"We're already at the point where $DXY is hurting the stock market. $SPY $QQQ $AAPL $TSLA $MSFT and we're ramping rates from .005 to .04% very quickly. Usually, rising dollar helps equities. But, not after stimmy withdrawals in trillions. This is the last crash for another 5-10 yr",$AAPL $180 soon üì£,$AAPL look at that total cost growth only 5.84% WOW üö© https://t.co/WZkHAeQfYg,Stockboomer[Alphaversion] 2022-01-27 - Stockboomerrank,Has there ever been a bear market while the economy is doing well?,Apple earnings - revenue jumps 11%,"Finally beat the game, just went all in with AAPL puts. It feels good to be done","Here is a Market Recap for today Thursday, January 27, 2022. Another volatile day","Making Easy Money: Investing 2022 - FB, NVDA, SNAP, AAPL, NIO, AMD",$AAPL - Apple Reports First Quarter Results,"Congrats AAPL holders, another alltime profits record and no supply chain problems",Today's Video - 1/27/2022,"Apple Earnings - Apple revenue pops 11% to $123.9 billion, Cook says supply chain improving","@Reuters: Apple reported record sales in the holiday quarter, beating estimates as it benefited from high iPhone demand in China and withstood supply chain constraints and Omicron-related disruptions https://t.co/OeE6aeNNka $AAPL","@Reuters: RT @ReutersBiz: Apple reported record sales in the holiday quarter, beating estimates as it benefited from high iPhone demand in China and withstood supply chain constraints and Omicron variant disruptions https://t.co/fTt5OjxWYp $AAPL https://t.co/rrpbQiuZfi",$ AAPL Earnings !!!,Apple sales and profit top estimates as hit from chip shortages eases,"Apple Powers to Record $124 Billion Year-End 2021 Quarter, Services Revenue Soars 24%",Apple to Rival Square by Turning iPhones Into Payment Terminals,GDP Grew Better than Expected in Q4,"Apple Revenue, Profit, iPhone Sales, Services All Beat Forecasts In Key Quarter","Apple's Q1 Surprises to the Upside, Visa Also Beats",Now It‚Äôs Apple‚Äôs Turn to Try and Boost Tech Stocks After Rout,Apple CEO: ‚ÄòWe Don‚Äôt Make Purely Financial Decisions‚Äô About Apple TV Plus Content,Apple avoids global microchip crunch with $124bn record sales,"Apple working on letting users send money from iPhone to iPhone, report says","Q4 GDP at +6.9%; Jobless Claims, Durable Goods Lower","Here‚Äôs What You Should Look Up to in Apple Inc, (AAPL)","Apple to turn iPhones into payment terminals, rival Square - Bloomberg",Apple (AAPL) to Enable NFC Payments With New iOS Feature,Apple releases iOS 15.3 to stop people spying on iPhone browsing,Apple (AAPL) Tops Q1 Earnings and Revenue Estimates,,,,,
1/26/2022,@TechieLiam LeaksApplePro,"Apple, either kill the series 3 or give it the new features. Pick one.","Top tweeted stocks:
$MSFT $TSLA $SPX $NVDA $NFLX $AAPL $AMZN $INTC $ES $BA $UPST $AMD $AXP $LVS $MCD $RBLX $XPEV $SOFI $F $AA $AMC $LRCX $XLNX $NOW $AFRM $GS $DKNG $OXY $NIO $SHOP $FB $ETH $TXN $DVN $LCID $APA $NET $GLD $PTON $HOOD $SLB $HYG $MDRX $BIDU 

 #stockstowatch https://t.co/p9blL7IDD1","@SoccerMomTrades @WaitCapital Well, then you'll get a chuckle out of this - my targets AAPL 115, MSFT 225, AMZN 2400, SNOW 100, NVDA 120 :)",$AAPL &amp; $AMZN will disappoint.,"@SawyerMerritt Aapl I understood, tomorrow I'll be a clown again for my friends, sending me news about CT","Large cap stocks with the most shares traded today

AT&amp;T $T 140.1M shares
Ford $F 135.2M
Apple $AAPL 107.7M
$AMD 94.4M
Draftkings $DKNG 90.2M
Microsoft $MSFT 89.4M
$SOFI 82.7M
$ITUB 75.3M
Nvidia $NVDA 75.3M
$NIO 71.4M
Palantir $PLTR 69.5M
$BBD 63.5M
Bank of America $BAC 62.2M","$SPX $DIA $NDX $SPY $DIA $AAPL $MSFT $TSLA #wallstreet #stocks #stockmarket

Stocks Fall, Yields Rise After Fed Signals Rate Hike ‚ÄòSoon‚Äô
https://t.co/TfrPMwuWrK","Most Mentioned Tickers on WSB (via @SwaggyStocks)

1. $TSLA 
2. $GME
3. $MSFT
4. $AAPL
5. $QQQ
6. $POW
7. $AMZN
8. $BA
9. $NFLX
10. $AMC","North Carolina chosen for supersonic passenger jet plant 

$RIOT $AMC $BBIG $GME $PYPL $MARA $SQ $NFLX $DXY $SPY $QQQ $DJIA $DIA $AMZN $TSLA $F $GM $NKE $AAPL $LCID $RIVN $HMC $MSFT $FB $SNAP $GOOG $NFT $BTC $ETH $DOGE $COIN $JPM $BAC $C $ADBE $BABA $CVS https://t.co/GuzeErLwzZ","Theta Thursday Triggers üéØ

üõçÔ∏è $AMZN 2900c &gt; 2820 | 2700p &lt; 2745
üì± $AAPL 165c &gt; 163.71 | 155p &lt; 158
üåé $GOOGL 2650c &gt; 2600 | 2500p &lt; 2541
üíª $FB 305c &gt; 301 | 290p &lt; 293
üì∫ $ROKU 155c &gt; 153.40 | 140p &lt; 146

Keep it Small, Use Stops, and Don't Chase 
Best of Luck! üé≤","@munster_gene As well he should be. Great changes are coming. On the monotonous front, they will absolutely blow away financial protections. More interestingly, they are positioned to change the world as we know it. $AAPL 2008 won't hold a candle to $TSLA 2022. What a time we live in!","Apple fixes major bugs in iOS, iPadOS, macOS, and watchOS software updates https://t.co/L34ocXEZVe $AAPL https://t.co/Ls80ztiXJQ",Pennsylvania could become first state to pass law targeting AirTag abuse https://t.co/99i2bo6gP1 $AAPL https://t.co/TjrHVQfPLT,$AAPL working after hours,"Thanks to everyone who came &amp; checked us out this morning during our Pre-market Analysis, streamed every Wednesday via YouTube. Here is the link in case you missed it: 
https://t.co/iTpG45Mrk4

Subscribe for weekly streaming &amp; content
$SPY $TSLA $AAPL $AMZN $BA $PANW $ROKU $OBGN",@TradingWarz @Jake__Wujastyk Wait tomorrow for $aapl that will crash the whole market $spy,"$TSLA $MSFT have delivered, Once $AAPL delivers we can see a big rally next week, after options expire this week","5 Things You Might Not Know About Grimace, Ronald McDonald‚Äôs Best Friend $MCD 

$RIOT $AMC $BBIG $GME $PYPL $MARA $SQ $NFLX $DXY $SPY $QQQ $DJIA $DIA $AMZN $TSLA $F $GM $NKE $AAPL $LCID $RIVN $HMC $MSFT $FB $SNAP $GOOG $NFT $BTC $ETH $DOGE $COIN $JPM $BAC https://t.co/dsS0nA5Egx",So how do people get friends on here? Do I just post random letters with dollar signs? $QS $AAPL $QQQ $PTON $STRN $DOGE https://t.co/tCbqfMI7Gu,"Knowing the way this market is it‚Äôll rip higher for days if $AAPL beats tomorrow. The bulls don‚Äôt need much to go on a major offensive. 

$MSFT being a good example yesterday until Powell pissed on the parade.",What are your expectations for AAPL tomorrow?,26.01.2022,What are your expectations about AAPL tomorrow?,"Here is a Market Recap for today Wednesday, January 26, 2022. Tough one today...","@Reuters: Apple achieved its highest-ever smartphone market share in China in the fourth quarter, when it was the top-selling vendor there for the first time in six years, research firm Counterpoint Research reports https://t.co/NBCdHAAtBs $AAPL https://t.co/LYZE3RcIGQ",The VIX Squeeze,$GLW Corning earnings propelled the stock up 13.5%‚Ä¶ does $AAPL use glass in their hardware? What think you?,$GLW up 13%‚Ä¶ is this a hint of $AAPL earnings?,$AAPL sees a call sweep,Todays most active stock options $XELA $AMC $MSFT $DKNG $BB $NVDA $AAPL,Taking it back door: IRA. I‚Äôm gonna do it!,Rate hikes and how it affects stocks - Watching for FED (GRRR...no more BRRR),Rate Hikes - How it affects - Analysis,Time to grab?,Vampire Fangs' Next Target Are Fat &amp; Juicy FAANG Stocks,Bad Apple: Why AAPL is Heavily Overvalued,"I want to tidy up and diversify my portfolio, where should I continue to invest?","EARNINGS: Will Apple (AAPL) meet, beat, or miss EPS forecast of $1.89 on Thu, Jan 27th after market close?",Retail stock trading slower but still above pre-pandemic levels: Study,Can Continued Services Growth Aid Apple's (AAPL) Q1 Earnings?,Tech Stock Rally Evaporates as Powell Goes More Hawkish,DataTrek: Big Tech unlikely to see selling relief despite Q4 earnings,"Apple poised for strong earnings despite supply constraints, Omicron","Apple‚Äôs Q1 Numbers Should Be Fine ‚Äî But the Stock Is Still Not a Buy, Warns Goldman Sachs",Apple and CEO Tim Cook are granted restraining order against alleged stalker,BofA Remains Bullish On Apple; Sees Sharp Upside,Apple publishes new information about AirTags as tracking controversy continues,Apple Tops China for First Time in Six Years After Huawei Fades,Apple grabs record China market share as Q4 sales surge-research,Amdocs (DOX) to Report Q1 Earnings: What's in the Offing?,Apple Gets a Restraining Order Against Woman Stalking CEO Tim Cook,Microsoft Soars After Cloud Forecast Eases Wall Street‚Äôs Worries,"LG Display Q4 profit slumps, hit by lower TV panel prices and one-off cost",
1/25/2022,"$AAPL hella chop, but holding 157 pretty well and closed above the 8ma. Could get a nice push back to 165. https://t.co/auETNEcCrv https://t.co/7pIqngSEDr","How successful have our swing trades been?
If you took just ONE contract on each trade and took profits at just 15% and let the 2 losers expire completely worthless. You still made $895. 

$TSLA $MSFT $AMC $AAPL $NVDA $AMD $BBIG $BA $SPY $AMZN $BABA https://t.co/HSEMPiUCeR","Our last (but certainly never least) Core Value is Partnership. We are so grateful for each and every partnership we have made and maintained over the years.  

#AAPL #YourAssociationAtWork #WhyAAPL #privatelender #privatelending https://t.co/MfpNHsPHAC",@MarketRebels Amazing‚Ä¶. Next up $tsla $aapl and $amzn    Giddy ‚¨ÜÔ∏è,"$MSFT üôè

$spy FOMC tomorrow 

$tsla and $aapl next !!!

$sofi $pltr $lcid $txn $amnz $btc https://t.co/jpOYEbXMat","$SPY you think we cant go much lower?  Look at My RSI indicator.  Look how far it is away from being oversold.  Compare to Covid low. 
Brace up boys! It could get rough. $QQQ $DIA 
$AAPL $UVXY https://t.co/0kLoMiEHGK","Pretty good day today, Covered my short on $TSLA $MU $AAPL $XOM $EWU and $EWG . Small daytrade losses on $CL and $GDX https://t.co/mRJXKzCsBr",Commented on $AAPL $BA $CRM - Big Tech Companies Reporting This Week: Compares Are Tough For Q4 '21 And Q1 '22. https://t.co/BelQ2pPkvy,@Pharmdca What happens when $aapl says we are not selling as many phones cuz stimulus is gone.... that's what I am waiting for.,Picked up shares of $MSFT and $AAPL today around 288 and 159 respectively for my sons account #stockmarket #stockmarkets #earnings #money #buythedip,"If this gets 10 RT 50 likes üö® üö® 

I will drop a THREAD on how I find my plays , FLOW , levels , PM pricing, charts , strikes  And how I trade them

$AAPL $SPY $LCID $BBIG $PROG $QQQ $MSFT $PYPL $OCGN $GOOG $VIX https://t.co/nYzEGQYN9w",$MSFT $AAPL $SPY https://t.co/iAD27BNspf,@DivesTech As always. You were spot on Dan! Great analysis‚Ä¶ $msft $aapl $tsla,$AAPL $TSLA $NIO interesting AH movement,"Apple Inc. (AAPL) surprised the market with Q3 result.  J.P. Morgan Chase changed the rating to Underperform, as Apple Inc. (AAPL) is trading at over 80 times its book value with a trailing PE of over 40.",get a room already $AAPL $SPY $MSFT https://t.co/lqf0u6anx3,"@CNBCnow best in class beats, negative sentiment overdone, not the near term catalyst for tech market bounce, perhaps $AAPL later this week","Join us Wednesday morning for our Pre-market Analysis &amp; live stream via YouTube. 8-9:30am ET Breakdown of macro/micros, FAANG &amp; individual names. Technical analysis &amp; Plan for The Open. Will tweet out the link 8am ET
https://t.co/XrO5oyIQ3S

$SPY $AAPL $FB $BA $NFLX $TSLA $AMZN",If this is the turning point for mega caps.. $AMZN $MSFT $GOOGL $AAPL https://t.co/cvMkul4xGG,"Top Options by Volume
$AAPL $AMC $TSLA $NIO $FB $WISH $BABA $CCL $PLTR $AMD https://t.co/wtJc0UVEGF",@cperruna MSFT TSLA AAPL are the market nowadays,What is the best pick? https://hodl247.de/screener/52weekhighdistance/asc/AAPL~MSFT~AMZN~GOOGL~TSLA~NFLX,Stockboomer[Alphaversion] 2022-01-25 - Stockboomerrank,"4 Top Stock Trades for Tuesday: Bitcoin, AAPL, MSFT, PLTR - Read more on PipPost",Fig Leaf Strategy Explained,After $MSFT er I‚Äôm thinking to go hard on $AAPL &amp; $INTC puts. What do you guys think ?,"Making Easy Money: Stocks To Buy During The Down Market - TSLA, BBIG, RETO, AMC, AAPL, AMD, NVDA",25.01.2022,"Once again, AAPL will finish the day around 161","Handset industry looks attractive given identifiable catalysts through 2022, and discount valuations","AAPL stock still falling, but another record quarter expected","Tech #Stocks Alert: Why Are #TSLA, #MSFT, #AAPL, #NVDA, #SNAP Plunging Again? - Read more on PipPost","FORD vs TESLA vs ARCIMOTO: 2022 EV stocks ($F, $TSLA, $FUV, $RIVN, $RIDE, $LCID, $NIO, $AAPL)","Who gives two singular fucks what Jim Cramer says or who he is? He is old money, bleeting like a sheep to old fogies on daytime television.","US stocks performance during rate hikes has been fantastic, no need to worry in the long term!",Dow &amp; SPY 25.01.2022,"Stocks to Watch This Week: MSFT, TSLA, AAPL, INTC and CVX - Read more on PipPost",prepperzzzzzzzzzzzzzzzzzz,$AAPL Awaiting Buy Signal. Chart by UltraAlgo.com,$AAPL Awaiting Short Signal. Chart by UltraAlgo.com,7 Meta Stocks to Buy after Take-Two Buys Zynga,7 Dividend Paying Stocks With Large Share Buyback Programs,China's Realme eyes Europe's high-end smartphone market with new launch,"If You‚Äôve Been Waiting to Buy Apple Stock, Now May Be the Time",Why I‚Äôm Happy About Today‚Äôs Selloff,Apple's (AAPL) Supply Chain Woes Persist Ahead of Q1 Results,Apple Could Report Better Than Expected Earnings,,,,,,,,
1/24/2022,"A Voodoo Kind of Fibonacci, with @FWTrader 
https://t.co/SIUxNoiKLW
The Voodoo Lines are a proprietary application of #Fibonacci analysis with an uncanny way of highlighting spots for important swings like today‚Äôs lows in $AAPL, $MSFT, and many other names.","Makes sense. To me still the likely scenario but we‚Äôll take it day by day. For now 20% long via $AAPL, $MRVL, and $MTN all U&amp;Rs. Also have the $SPY and $NVDA calls. A tiny bit of $PFE short left and that‚Äôs it on shorts - all others covered much lower at MAs or ‚Äúobvious‚Äù U&amp;Rs. https://t.co/BLAtngVoTU","Dividend Growth stocks are one of my favorite types of stocks to invest in

Here are 8 and their 5-Yr Dividend Growth Rate
$MSFT +9.5%
$SBUX +16.7%
$AAPL +9.2%
$BAC +25.6%
$HD +19.1%
$COST +11.9%
$V +17.9%
$AVGO +42.7% https://t.co/eue3zz4IQp","this $spy pop is not going to hold. there‚Äôs more blood to come in the markets, i‚Äôll trade what i see but i don‚Äôt think all this FUD is truly priced in. $QQQ $SMH $AAPL",Our Discord team went crazy ü§£ü§£ü§£ calls and puts both paid. Caught the drop and caught the bottom. Killing the market day in and day out! Shoot me a dm if you‚Äôre interested!! #stocks #StockMarket #OptionsTrading #cryptocurrency #crypto $SPY $SPX $AMZN $TSLA $AAPL $NFLX https://t.co/m4Ltuy7VwQ,"$AAPL Starting with $25k,down to $15k, back up to $85k,Lot of thanks to this chat,https://t.co/Ohs2KtyluZ","Massive weeks for earnings ahead üòé $MSFT $GOOGL $AAPL $TSLA $AMZN $MCD $FB $F $GM 

It might be a good time to get into options for these names on the expected volatility after earnings. https://t.co/Oj0yLwjNrt","This will impact stock market as 40-50% of it's move last 2yrs was on the ""hope"" of vaccines. 
300% increase in miscarriages, 300% increase in cancers &amp; 1,000% increase in neurological disorders= 820,000! over previous 5yr averages. $QQQ #stocks #Fed $TSLA $AAPL #news $MRNA $PFE https://t.co/TjQ1i86kWd","$AAPL    Best Chatroom , I've made over $40K  By their alert,.....  

https://t.co/4FwQlOhDaP","$aapl    Real price will come out soon; Follow price targets.

        

 ‚úÖ‚úÖ     https://t.co/6DSyNKodXU",@MFHoz No way. $AAPL is immune. They got covid and vaxxed not once or twice but thrice.. ... $aapl to the moon and back hommie.,Where‚Äôs all the $BBIG pumping? This actually looks like a legit reversal lol. $SPY $TSLA $NFLX $AAPL $DWAC,"@RamBhupatiraju Added to My AAPL , ivv &amp; AMD, using limit cancelled some to save cash as all of them would have got hit including tsla, what don‚Äôt think of $tsla","Shorted $Dis this morning and had some calls on $Aapl this afternoon, surprisingly had almost perfect entries/exits on both. Crazy day on the market, proud of these plays","$aapl Real price will come out soon,, Follow price target,!
https://t.co/G5G06xoiuU","I don‚Äôt care, I love the day‚Äôs hammers at the $SPY 
It‚Äôs just a time matter‚Ä¶

$SPY $AAPL $FB $AMZN $NFLX $AMD $MSFT $TSLA $PFE $MRNA $GLD $FDX $QQQ $ROKU $BYND $UBER $PINS $SLV",@FIREDUpWealth Ditto here.  The swing was more than my house price. I was calm and bought AAPL 2024 atm calls in the morning,"Keep em comin! I could possibly change the entire way you trade just by clicking the subscribe button. If you understand risk reward you understand üòâ üíé

$ccl $btc $tsla $spce  $brqs $wish $dats $amc $dkng $sos $ual $jblu $dal  $aapl $dwac  $qqq  $ge $f $spy $tsla $qqq $vxx https://t.co/qU3yWg819H",@JPATrades And aapl to win,DD Cluster #1 $SPY $AAPL #Bitcoin $TSLA,"High was $75 on these options after the alert 
$TSLA $SPY $AAPL $QQQ",More for the conspiracy theorists who think Shari is selling to AAPL‚Ä¶ they want love sports‚Ä¶,"Here is a Market Recap for today Monday, January 24, 2022",Stockboomer[Alphaversion] 2022-01-24 - Stockboomerrank,"‚Äã‚Äã‚Äã‚Äã‚Äã‚Äã–ú–∏—Ä–æ–≤–æ–π —Ñ–∏–Ω–∞–Ω—Å–æ–≤—ã–π –∫—Ä–∏–∑–∏—Å, –æ –Ω–µ–∏–∑–±–µ–∂–Ω–æ—Å—Ç–∏ –∫–æ—Ç–æ—Ä–æ–≥–æ –≥–æ–≤–æ—Ä–∏–ª–∏ –ø–æ—Å–ª–µ–¥–Ω–∏–µ 10 –ª–µ—Ç, –º–æ–∂–Ω–æ —Å—á–∏—Ç–∞—Ç—å –Ω–∞—á–∞–≤—à–∏–º—Å—è.",Feeling good about AAPl earnings Thursday,AAPL direct registration IRA,"Historical PE of big techs, a reason why you shouldn't panic if you are holding them","Dow tumbles 1,000 points as Russia, Ukraine tensions rise","Reposting cuz not a lot of visibility: I scraped all Fidelity's Buy/Sell Ratio Tables for the past Year &amp; GME had 1,773,836 Buy orders, and 880,394 Sell orders while appearing on the table list 186 times for the time period 1/12/21 - 1/18/22. That is a net positive of Buy orders by about 900,000.","Perspective, Part III",24.01.2022,Congratulations all you üåàüêª,Todays most active stock options $F $DT $TSLA $AAPL $AMD $NVDA $DAL $PFE,"Question about LEAPS, delta, CC &amp; Rolling Options","Apple, Amazon, Disney Could Buy Game Makers EA, Take-Two",Dutch watchdog fines Apple 5 mln euros for failure to comply on app store,,,,,,,,,,,,,,,,,,
1/23/2022,"$AAPL next support 161.75, 159.67, 156.4
Watch for retrace 162.4-162.7 (potential short). 

$AMZN $AAPL $AMD $UNP $BA $SPY https://t.co/50DeqrmSOl","Find God, My Friends. Find God
$aapl $amzn $abbv $brk $ba $bhc $crm $cmg $hlf $iep $msft $ms $gs $jpm $bac $c $cs $f $googl $jnj $nflx $ko $ibm $pep $mcd $shak $ryaay $tst $dal $fb $ual $luv $aal $tsla $uber https://t.co/7ASNKTb9Ig","@demrick Imo they need to offer both (1) a superior experience vs aapl/googl/msft AND (2) offer features /solutions that those can‚Äôt / don‚Äôt offer. 

In order for this to be a no brainer long. 

I sense there‚Äôs some realization. But execution is what will matter: https://t.co/tKL2JIUCg4","The Devil Came Down To Georgia, New York, Chicago, LA, USA ++ &amp; He's Trying To Take Your Life Away.
$aapl $amzn $abbv $brk $ba $bhc $crm $cmg $hlf $iep $msft $ms $gs $jpm $bac $c $cs $f $googl $jnj $nflx $ko $ibm $pep $mcd $shak $ryaay $tst $dal $fb $ual $luv $aal $tsla $uber https://t.co/8NX54i6isV",@kgopinion @Dreamer08653284 Cool. I had the opportunity to buy an Airstream for $4 K. I regret listening to my ex ever. She also convinced me not to put $25 K of mad money into AAPL when it was at $17.,@SawyerMerritt This is looking a lot harder for $AAPL now üò≥,"#WallStreet üá∫üá∏ Most Mentioned Tickers on WSB #wallstreetbets now:

1. $TSLA
2. $BTC
3. $NFLX
4. $AAPL
5. $GME
6. $MSFT
7. $QQQ üî•
8. $HOOD
9. $PTON üî•
10. $AMZN","$AMZN next support 2691, 2678, 2629, 2602
Watch for retrace 2,850-2856 (potential short). Or 2871 (weekly previous support now resistance).

$AMZN $AAPL $AMD $UNP $BA $SPY https://t.co/pHsLVaDS7z","Count of mentions for the tickers in last 1 hr

1. $AMC: 183 (0)
2. $TSLA: 162 (-56)
3. $AAPL: 64 (-43)
4. $MSFT: 50 (-42)
5. $AMZN: 44 (-26)
6. $NVDA: 33 (4)
7. $FB: 33 (-19)
8. $NIO: 19 (-4)

Top speaker: @MarketRebels üöÄ $TSLA","Most Mentioned Tickers on WSB (via @SwaggyStocks)

1. $TSLA
2. $BTC
3. $NFLX
4. $AAPL
5. $GME
6. $MSFT
7. $QQQ
8. $HOOD
9. $PTON
10. $AMZN","üê≥WL 1/24/2022
$AAPL $165c above $163.95. $160p below $161.50 
$FB $312.5c above $309.48. $300p below $301.50
$AMD $123c above $122.40. $115p below $117.50
$NIO $29c above $28.05. $26p below $27
$SPR $46c above $45.35. $$43p below $44.05","Some Call The Criminals Gangs, Groups &amp; Even Victims But They're Really The Devil &amp; Demons. Pray üôè!
$aapl $amzn $abbv $brk $ba $bhc $crm $cmg $hlf $iep $msft $ms $gs $jpm $bac $c $cs $f $googl $jnj $nflx $ko $ibm $pep $mcd $shak $ryaay $tst $dal $fb $ual $luv $aal $tsla $uber https://t.co/VUPVq0jOsu",@Teslaconomics Yes. It will be surprising if it be higher than aapl. But all depends on FSD and the insurance business.,"@Logos_LP 1. $AAPL. They are on my tv, smartphone, laptop, music, and thermostat. 
2. $SHOP. Leader in e-commerce. They are the next Amazon
3. $SOFI. The bank of tomorrow","Apple Inc. (AAPL) surprised the market with Q4 result. Bain capital changed the rating to Hold, as Apple Inc. (AAPL) has negative EPS revisions (down 3%) and not enough upside to warrant a Buy rating.","$XAUUSD rebound eyes $1,848 key hurdle, US PMI, Fed in focus

 $RIOT $AMC $BBIG $GME $PYPL $MARA $SQ $NFLX $DXY $SPY $QQQ $DJIA $DIA $AMZN $TSLA $F $GM $NKE $AAPL $LCID $RIVN $HMC $MSFT $FB $SNAP $GOOG $NFT $BTC $ETH $DOGE $COIN $JPM $BAC $C $ADBE üëáüëá
 https://t.co/HWnJsnspBv",Big week for earnings coming up $MSFT $JNJ $AAPL $MCD $V $TSLA which earnings are you looking at most closely?üëÄ https://t.co/nAEhFjRbVZ,"Ready to end the last week of the first month of 2022 strong! 

With that being said, very big ERs this week for the S&amp;P including   $TSLA $JNJ $MSFT $AAPL #V #MA

Volatility is going to be something to keep a very close eye on

Also have FOMC. Get ready for a wild week üêä",@mwebster1971 $AAPL Yo Webby.... Is it true Steve Jobs selected Apple Computers  just to be listed ahead of Atari in the phone book? Nobody has had a phone book in 10 years... https://t.co/Le7594BqRY,AAPL also reporting earnings this week. Not just favorite for scalping but can get good day trades with this one. Looking for an open and hold above $165 for a move up to $170 pre earnings. Otherwise depending on where it opens tomorrow I have levels at $160 and $155 to the down https://t.co/WnvZLuNYih,This market about to turn around and rip.. $tsla $msft $aapl earnings lined up this week. $nflx is not a good measure of Q4 earnings imo.,When Will Apple (AAPL) Release New iPhone SE 5G and iPad Air? Apple Spring Event - Bloomberg,"Week 3 Earnings Plays Analysis and Historical Post Earnings Moves MEGA Compilation - $MSFT, $AAPL, $TSLA, $INTC, $HOOD, $BA, $T, and More",Evaluating financial health of companies,70 Potential Stocks for the coming weeks ahead,Question about manipulating CSV files ?,Feature Request: Split by Quantity,Gaming Margin Default Scenarios,Giveaway - Stocks and Crypto from Webull and MooMoo ‚≠ê,Current &amp; Goal Investments,Giveaway - Free Stocks from Webull and MooMoo‚≠ê,"Expected moves this week. VIX, BTC, TSLA, AAPL, HOOD and more.",AAPL miss will shit all over the market after a massive green stick up bears anus.,Earnings for the Week of 1.24,Mon Jan 24 00:54:13 2022,Is there going to be a crash,Should you liquidate more resilient assets in order to take advantage of downturns in more volatile assets?,"Apple (AAPL) Profile, chart and fundamental data",What to do from here?,,,,,,,,,,,,,,,,
1/22/2022,$msft $mmat $aapl $nakd $qqq $spy $lcid $tsla #options #OptionsTrading #alerts options alerts $amzn $mara $riot BTC ETH $sol $doge $shib $dwac $roku flow https://t.co/7hM8BhP1jG,"@GianniDiMattia6 I remember when Apple wasn‚Äôt in the FANG. When $AAPL was a 8x PE stock, growth dudes didn‚Äôt think it was a growth stock, in 2016‚Ä¶ it‚Äôs up 7x+ since.","Count of mentions for the tickers in last 1 hr

1. $AMC: 197 (26)
2. $TSLA: 141 (17)
3. $AAPL: 71 (15)
4. $MSFT: 54 (16)
5. $AMZN: 43 (-8)
6. $FB: 37 (5)
7. $NVDA: 15 (-10)
8. $NIO: 6 (-7)

Top speaker: @Benzinga üöÄ $AAPL",@PinoyApe Going in with puts next week for AAPL.,"@BeginnerInvest4 $MSFT $TSLA $AAPL just a few reporting earnings this coming week,could be what sparks a rally if no bad surprises.","Dow Jones, Nasdaq Trade Near Intraday Lows; Netflix Stock Falls 22% On Earnings #interestratehike #aapl #ibd #innovatoribd50etf #russell2000 #ffty https://t.co/hB63licpxv","New market transaction for house rep: Jerry Moran,  .
Partial-Sell $AAPL $1001 - $15000 on Dec 21
Partial-Sell $GOOG $1001 - $15000 on Dec 21
Buy $VZ $1001 - $15000 on Dec 21
Buy $PII $1001 - $15000 on Dec 21
Buy $PFE $1001 - $15000 on Dec 21
Buy $KMB $1001 - $15000 on Dec 21","New market transaction for house rep: Jerry Moran,  .
Partial-Sell $AAPL $1001 - $15000 on Dec 21 Owner: Spouse
Buy $PII $1001 - $15000 on Dec 21 Owner: Spouse
Buy $PFE $1001 - $15000 on Dec 21 Owner: Spouse
Buy $KMB $1001 - $15000 on Dec 21 Owner: Spouse",$aapl forecast https://t.co/qiT3x47l6W,"Rotation out of #faangs $FB $AMZN $AAPL $NFLX $GOOG $TSLA $MSFT $DIS INTO üëâüèæ $SONY SONY $NSRGY NESTLE $HMC HONDA

Nothing #Fed can do to stop the ROTATION correction now. Watch investor Jeremy Grantham 
 @BloombergTV @ErikSchatzker https://t.co/HXDlhMATOh https://t.co/fM4b6Zg1Hn","A lot of big earnings coming out this week. Should we play them? $AAPL $TSLA. 

Watchlist comes out tomorrow night!",$AAPL moving down to target‚Ä¶ $AAPL monthly contract over 100% https://t.co/EvFMNy63Ds,"$49,000 a day keeps the 9 to 5 away;., Big thanks to this chat https://t.co/qp9n5yciWa

$aapl",$MSFT $TSLA $AAPL all reporting #earnings next week,"$BTC pyramid schemes wreak havoc on Brazil‚Äôs ‚ÄòNew Egypt‚Äô
 $RIOT $AMC $BBIG $GME $PYPL $MARA $SQ $NFLX $DXY $SPY $QQQ $DJIA $DIA $AMZN $TSLA $F $GM $NKE $AAPL $LCID $RIVN $HMC $MSFT $FB $SNAP $GOOG $NFT $BTC $ETH $DOGE $COIN $JPM üëáüëá

 https://t.co/rUz4meFDQx","[SCAN RESULTS - 15m]

Exchange: #FTX

Top 5 bullish trend (#PERP futures)
1: $KNC
2: $AMPL
3: $MTA
4: $LEO
5: $LUNA

Top 5 bullish trend (#USD stocks)
1: $AAPL
2: $BNTX
3: $COIN
4: $TSLA
5: $ACB

Not buy signals. #DYOR
Follow @DYORCryptoBot for more contents.","Huge earnings week, $MSFT determines where the market goes Tuesday. If they sell off MSFT, they‚Äôll sell off $AAPL Thursday","Interesting piece on  Sony‚Äôs ‚Äúarms-dealer approach‚Äù in the #streaming #wars.  Has $SONY Sony become the entertainment group it always wanted to be?  https://t.co/TfKQIBVcrH

$SNE $NFLX $TTWO $OTGLY $MSFT $AMZN $GOOG $FB $AAPL","If big tech falls another 15%, we‚Äôve found the bottom.

They haven‚Äôt corrected more than 20-25% in the last 15 years and are already down 11%.

Earnings will tell all. $aapl $goog $fb","Trending Stocks on #fintwit: 

Source: https://t.co/cWJOwWSb0I 

1. $SPY ü•á
2. $SHOP ü•à
3. $QQQ ü•â
4. $IWM
5. $SPX
6. $AAPL
7. $TSLA
8. $MSFT
9. $SHIB
10. $FB

( Sorted by most recent ) https://t.co/kVLnWYyHsB",This past weeks most active stock options $AAPL $TSLA $CVS $SOFI $MSFT $FB $AMC $AMD,"For people that have fatfired, do you own ETFs, Individual Stocks or both?",Balanced dividend growth portfolio,Selling ROTH stocks and index investing?,"Wall Street Week Ahead for the trading week beginning January 24th, 2022",Stock vs. Options - It is a Matter of Time,Trying to have a level headed conversation about tech stocks,"A Little Analysis on Big Tech (GOOG, MSFT, AAPL, AMZN)",I think I belong here. Did a search on $AAPL and this shows up in my feed. They must be able to see how dumb my trades have been.,"Perspective, Part II",,,,,,,,,,,,,,,,,,,,,,,,,
1/21/2022,"1972 to 1982 was a time of no movement in the stock market. Yes you would have made money if you reinvested the dividends, but NONE of you even buy stocks that pay dividends, so forget that (OK, AAPL, but that's it).","21/ A class of retail investor tends to buy the stock of companies they purchase products from/use often (AAPL, AMZN, PG, SBUX, etc)

In Web3, this usage &amp; ownership concept is one &amp; the same. That's what's powerful - let customers participate in the business &amp; become zealots","$spy $qqq $iwm $nya $dia $aapl #valuelinegeometricindex
$xvg geometric $xle arithmetic 

https://t.co/MjbVVtslg2 https://t.co/ARARqjiFNQ","Giuliani associate gets year in prison in foreign donor case

 $RIOT $AMC $BBIG $GME $PYPL $MARA $SQ $NFLX $DXY $SPY $QQQ $DJIA $DIA $AMZN $TSLA $F $GM $NKE $AAPL $LCID $RIVN $HMC $MSFT $FB $SNAP $GOOG $NFT $BTC $ETH $DOGE $COIN $JPM $BAC $C $ADBE üëáüëá
 https://t.co/Jw1zauROAS","Mars gives M&amp;M‚Äôs a makeover to promote inclusivity

 $RIOT $AMC $BBIG $GME $PYPL $MARA $SQ $NFLX $DXY $SPY $QQQ $DJIA $DIA $AMZN $TSLA $F $GM $NKE $AAPL $LCID $RIVN $HMC $MSFT $FB $SNAP $GOOG $NFT $BTC $ETH $DOGE $COIN $JPM $BAC $C $ADBE $BABA üëáüëá
https://t.co/DincIdQqql","$SPY To charts to ponder this week end
Weekly Ichimoku.  Tgt 420. $DIA $QQQ $AAPL https://t.co/CgP0FI4wgR","Going to sign-off for the night, but I'll leave you with this:

$AAPL is worth $2.65 Trillion.
$ETH is worth $300 Billion.

gn","My essential subscriptions ranked:

1. YouTube Premium
2. YouTube TV
3. Netflix
4. Disney+
5. Amazon Video (via Prime)

Apple TV+ and HBO Max don't make the cut.

$GOOGL $NFLX $DIS $AMZN
Still love $AAPL","@TickerSymbolYOU I picked Tesla, but I was a little torn between $aapl and $tsla then I looked ahead into the future and what Tesla still has to offer made my decision easier. Full disclosure I hold both.","Top tweeted stocks:
$NFLX $TSLA $PTON $AMZN $AAPL $SPX $SHOP $COIN $AMD $F $NVDA $ES $MSFT $ETH $TLT $FB $DIS $AMC $LULU $ADA $SOL $UPST $GLD $SI $IWO $LCID $BABA $GEX $SOFI $APPS $NYMO $DWAC $ROKU $LTC $RUT $RBLX $RTY $TZA $GME $TDOC $XLK $ISRG $LLNW 

 #stockstowatch https://t.co/A2u1x5ZowL","Top Options by Volume
$AAPL $AMC $TSLA $NIO $FB $WISH $BABA $CCL $PLTR $AMD https://t.co/Jh1CAnf1Hd","Why $BTC- And $ETH-Related Stocks MicroStrategy And Hut 8 Are Falling Today 

 $RIOT $AMC $BBIG $GME $PYPL $MARA $SQ $NFLX $DXY $SPY $QQQ $DJIA $DIA $AMZN $TSLA $F $GM $NKE $AAPL $LCID $RIVN $HMC $CVS $HD üëáüëá
https://t.co/WrkoEUsrPM",@PFDYTChannel Also added to my $AAPL position and my $ARKK today as well. Took a win in some Kinder Morgan to put the money to work in technology.,@BeginnerInvest4 Some big boys releasing earnings next week.  All eyes on $MSFT $AAPL &amp; $TSLA.  Is Netflix the first domino to fall?,"Top Options by Volume
$AAPL $AMC $TSLA $NIO $FB $WISH $BABA $CCL $PLTR $AMD https://t.co/udwP68cQxJ","#PABook Is A Best Seller! 
It‚Äôs Still Number One ‚òùÔ∏è on ‚Å¶@amazon‚Å©! üí™ üëè üëä

Get Your Copy Here: https://t.co/OFtjpgoXx8

#investing #stocks #trading #crypto $QQQ $SPX $SPY $DIA $AAPL $TSLA #WallStreet https://t.co/f5WLviTLTq","$AAPL closed $162.41
Bullish target $164.51",@Ross_Report enjoying the space..Interesting take on AAPL..how do you feel about AMZN?,@AdultingIsEasy $AAPL with $MMM a close second. Two companies that I believe have a bright future (and dividend growth üòá),Once again as expected today the price action in morning in the #Fitures rally then reset lower to the Low Targets that was posted pre market #ES_F #NQ_F #RTY_F #BTC #YM_F Trade the charts in front bof you &amp; no BIAS #Futures #Forex #Stocks #AAPL #AMZN #TSLA #GOOGL üè¶üõóüõ£Ô∏èüêªüêÇüìä‚öïÔ∏è https://t.co/JLMB0rtcW3,"Weekly Market Recap: Officially in Correction Territory with the Fed's  Decision on Deck. $SPY $QQQ $DIA $AMZN $AAPL  $MSFT #StockMarket #Correction #FederalReserve

https://t.co/UJ3FVJss91","Shorted stocks (GME,AMC, BBBY) OBV and free float analysis.",$AAPL https://tabstocks.com/apple-stock-aapl-share-price-has-risen-a-lot-is-it-time-to-buy-even-more/,How will AAPL close on Jan 24?,"üõëseeking alpha article - part 2üõë The timing to release the article was perfect to spread FUD to shook out üíéüôåüèª, especially falling from $94 to $73. This 3 down day is consolidation pattern ""RISING THREE METHOD"" is hard to find classical pattern but $AAPL $GOOGL $TSLA has similar pattern before.",Is it worth while to invest into big tech companies right now?,What stocks/ETFs are you loading up on during this market dip?,Are Pes high because of Tina and low interest rates?,AAPL needs a new subreddit and here it is.,Moving from TDAmeritrade to Vanguard fees?,Shifting into a new strategy part 2: Why my trade management sucks and yours probably does to.,Todays most active stock options $AAPL $AMD $F $AMC $TSLA $DKNG $VALE,"QYLD, NUSI, DIVO top holdings",Upcoming Earnings Calendar for the week starting on January 24th,Leaps 2023/2024,"Leaps on 2023/2024 NVDA, TESLA, AAPL, LCID",Cramer just said to start buying solid real-world real assets real earnings stocks,"Cramer just recommended VIAC, he is buying tofay",,,,,,,,,,,,,,,,,
1/20/2022,"BREAKING!!!!! Dropping my first Watchlist!!!
1/21 Watch-List:
MSFT 305C &gt; 303.91 | 297.5P &lt; 299.35
LCID 40C&gt; 39.60 | 37P &lt; 37.83
NVDA 246.25C &gt; 244.94 | 236.25 P &lt;237.89
QCOM 170C&gt; 167.07 | 162.5 P &lt; 165.82
AAPL 167.50C &gt; 164.86 | 162.5 P &lt;164.14",$AAPL $AMZN $FB NEW ARTICLE : The first big tech antitrust bill lumbers toward reality https://t.co/nUuSISuZQw Get all the latest $AAPL related news here : https://t.co/hZbpp4W1Ms,"Newsletter Posted
$ES $NQ $RTY $ARKK $AAPL $MSFT $LCID $JKS $BABA $PDD

https://t.co/msAnQo33Yd",@tanayj I think $AAPL or $AMZN make the most sense.,5 Blue-Chip Stocks Likely to Gain on Earnings Next Week. $BA $AAPL $CVX $CAT $AXP https://t.co/E85qT0UaNe,"Levels I am watching for 1/21/22:

$ES Settlement - 4456.25
Bulls - 4470|4492|4525|4542|4455
Bears - 4445|4425|4406|4366|4342

$NQ Settlement - 14725.75
Bulls - 14761|14841|14891/15053|15102
Bears - 14641|14497|14368/14295|14094

$AMZN, $AAPL, $TSLA, $GOOGL","Regions‚Äô ( $RF) Q4 Earnings Miss Estimates, Revenues Fall 

 $RIOT $AMC $GME $PYPL $MARA $SQ $NFLX $DXY $SPY $QQQ $DJIA $DIA $AMZN $TSLA $F $GM $NKE $AAPL $LCID $RIVN $FB $GOOG $NFT $BTC $ETH $DOGE $COIN $JPM $BAC $C $ADBE $BABA $CVS $HD üëáüëá

https://t.co/udaBpHNZUk",üëáüèº Exactly why I was saying $AAPL has an amazing r/r to the downside. https://t.co/f2A0iGjKlk,"1/21 Watchlist ü§åüèº

$ATVI Calls &gt; 83.04 | Puts &lt; 81.65

$BABA Calls &gt; 132.23 | Puts &lt; 130.86

$AAPL Calls &gt; 165.66 | Puts &lt; 164.19 

That‚Äôs it for me. Play it safe! I‚Äôll be taking next week expirations to stay safe!",@scottmelker Hello $AAPL ?  This is major discount calling.......,"Top tweeted stocks:
$NFLX $PTON $AAPL $SOFI $SPX $TSLA $AMZN $NVDA $AMD $ES $F $MSFT $LCID $BABA $MGI $UPST $AMC $GLD $DWAC $ROKU $MRNA $COIN $MU $FB $GDXJ $SLB $AFRM $SHOP $JD $GM $APPS $GDX $NIO $PLUG $BIDU $XOP $FFTY $DAC $DOCN $HOOD $NVAX $ATVI $ADBE 

 #stockstowatch https://t.co/AxswuJT5AJ",@KessInvesting $AAPL gonna buy them,"Going to stay away from FAANG types for now - so no $AAPL, $TSLA, $NFLX, $AMZN, $GOOG, $FB",@ProfitsTaken What are some growth stocks that are heavily inflated right now? Do you think Qcom and AAPL might take a (deeper) tumble tomorrow and next week? Earnings coming up for AAPL next week too,@GarethSoloway @davidlin_TV @OJRenick What‚Äôs your target on $aapl?,"@qcapital2020 I'll play devils advocate here &amp; say most of FAANGM hasn't been really hit yet. They are the last to fall. $NFLX is now down 40% with the AH drop, but $FB, $AAPL, $GOOG &amp; $MSFT barely have scratches. Also, $NFLX guidance was terrible. But yes, earnings season is going to be wild!","McDonald‚Äôs expanding test of McPlant burger in US stores
 $RIOT $AMC $GME $PYPL $MARA $SQ $NFLX $DXY $SPY $QQQ $DJIA $DIA $AMZN $TSLA $F $GM $NKE $AAPL $LCID $RIVN $FB $GOOG $NFT $BTC $ETH $DOGE $COIN $JPM $BAC $C $ADBE $BABA $CVS $HD üëáüëá
 https://t.co/4dTn7u2g6m",@parwalkibarfi @BackpackerFI AAPL always sells off after earnings,"When I posted the Above Post, on January 03 Monday 2022, $AAPL HIGH WAS $182.88. Today is January 20 Thursday and $AAPL closed $164.51.

I still have $AAPL Bearish target $150.99 and Earnings are on January 25 Tuesday.

$NFLX Earnings were today and DOWN -$101.47 during the AH",$AAPL Retested 169.58 not 168 but regardless. Bounce with further downside. That 100ma looking really appealing in the next few weeks. https://t.co/NecG8PzGDn https://t.co/rBXrvJ9Goq,"$AAPL watch put lock there gains tomrrow üòÇ, can‚Äôt blame them it‚Äôs be up 500% + for some of y‚Äôall . I will be there to load calls ‚ú®",Stockboomer[Alphaversion] 2022-01-20 - Stockboomerrank,My 80% cash position is a happy place.,Todays most active stock options $AAPL $TSLA $SOFI $AMD $F $CS $BBIG $NVDA $PTON,Giveaway - Free Stocks from Webull and MooMoo ‚≠ê,AAPL Head and Shoulders Pattern?,"The wheel and earnings, roll or take the loss and wait till earnings pass",Noteworthy Stock &amp; ETF Shifts in Joe Biden‚Äôs 1st Year,Do you believe in AMD and AAPL long term?,"Italy's antitrust recalculates Apple, Amazon fines after ""material error""",,,,,,,,,,,,,,,,,,,,,,,,,
1/19/2022,"Wednesday Option Activity $WYNN, $QGEN, $APA 

$RIOT $AMC $BBIG $GME $PYPL $MARA $SQ $NFLX $DXY $SPY $QQQ $DJIA $DIA $AMZN $TSLA $F $GM $NKE $AAPL $LCID $RIVN $HMC $MSFT $FB $SNAP $GOOG $NFT $BTC $ETH $DOGE $COIN $JPM $BAC $C $ADBE $BABA $CVS $HD üëáüëá

https://t.co/ZfZWYVauSB","BIG TECH STOCK ANALYSIS (AMZN, AAPL, MSFT, FB, TSLA, GOOG) https://t.co/iKcFclXJf9","Why You Should Hold Mid-America Apartment (MAA) Stock Now 

$RIOT $AMC $BBIG $GME $PYPL $MARA $SQ $NFLX $DXY $SPY $QQQ $DJIA $DIA $AMZN $TSLA $F $GM $NKE $AAPL $LCID $RIVN $HMC $MSFT $FB $SNAP $GOOG $NFT $BTC $ETH $DOGE $COIN $JPM $BAC $BABA $CVS $HD üëáüëá

https://t.co/6XNk0sE1On","$AAPL 
See as expected meltdown 
Now crashed to 165.94
Soon we see 161-----------------158 !!!
More to our Members https://t.co/tHj41IuyCI https://t.co/R9rRDyBlFc","üö® 1/20 Watchlist üö®

üçé $AAPL 170c &gt; 167 | 165p &lt; 165.25
‚å®Ô∏è $NVDA 260c &gt; 253.25 | 245p &lt; 248
üöò $LCID 42c &gt; 40.75 | 37p &lt; 39.25
üßë‚Äçü§ù‚Äçüßë $CRM 230c &gt; 227.75 | 222.5p &lt; 224.75

Flow from @unusual_whales 

These are crucial levels. https://t.co/WmQlckqnHk","( $SHOO) Looks Robust on Digital &amp; Brand Strength 

$RIOT $AMC $BBIG $GME $PYPL $MARA $SQ $NFLX $DXY $SPY $QQQ $DJIA $DIA $AMZN $TSLA $F $GM $NKE $AAPL $LCID $RIVN $HMC $MSFT $FB $SNAP $GOOG $NFT $BTC $ETH $DOGE $COIN $JPM $BAC $C $BABA $CVS $HD üëáüëá

https://t.co/BcId8Go6M3","What‚Äôs Ahead for Central Garden &amp; Pet (CENT) Stock in 2022?

$RIOT $AMC $BBIG $GME $PYPL $MARA $SQ $NFLX $DXY $SPY $QQQ $DJIA $DIA $AMZN $TSLA $F $GM $NKE $AAPL $LCID $RIVN $HMC $MSFT $FB $SNAP $GOOG $NFT $BTC $ETH $DOGE $COIN $JPM $BAC $CCVS $HD üëáüëá

 https://t.co/8uhWhFkBSn","Stock: $AAPL - 
*** REALTIME TREND ***
BUY
BUY = 95.00% 
SELL = 5.00% 
Try now the Best Pivot Point Calculator!! https://t.co/6C8hwtDFCu
#tradingview
#stocks
#stockstowatch",$aapl breaking passed demand zone on the weekly chart. https://t.co/Yh6YYtYyMU,"@YvesMorgan1 @saxena_puru No. Typical PE for banks, utes, divvy slow growth is 7. Fast growing profitable tech (aapl, MSFT, 5 years ago) is 25. Historical average for entire market is 15.","Norfolk Southern (NSC) to Post Q4 Earnings: Is a Beat Likely?

$RIOT $AMC $BBIG $GME $PYPL $MARA $SQ $NFLX $DXY $SPY $QQQ $DJIA $DIA $AMZN $TSLA $F $GM $NKE $AAPL $LCID $RIVN $HMC $MSFT $FB $SNAP $GOOG $NFT $BTC $ETH $C $WFC $ADBE $BABA $CVS $HD üëáüëá

 https://t.co/UKOywbFU8e",Apple Stays Bullish On CRE Buys In 2022 Despite Uncertain Office Plans via ‚Å¶@Bisnow‚Å© $aapl #retail #cre https://t.co/lvSRzeGFmm,"Norfolk Southern (NSC) to Post Q4 Earnings: Is a Beat Likely? 

$RIOT $AMC $BBIG $GME $PYPL $MARA $SQ $NFLX $DXY $SPY $QQQ $DJIA $DIA $AMZN $TSLA $F $GM $NKE $AAPL $LCID $RIVN $HMC $MSFT $FB $SNAP $GOOG $NFT $BTC $ETH $DOGE $COIN $JPM $BAC $CVS $HD üëáüëá

https://t.co/UKOywbFU8e","Twitter's on the Rise: 

$QQQ  Price: $366.48  Mentions: 101
$AMZN  Price: $3,125.98  Mentions: 83
$VVOS  Price: $2.30  Mentions: 83
$ATVI  Price: $82.15  Mentions: 55
$AAPL  Price: $166.23  Mentions: 54

#stocks #investing #trading",$AAPL continues to fall and we have a ways yet to go. üí≤ https://t.co/awW75QL18l,"https://t.co/CAuCCw2XMz
$AAPL Looks decent if it can reclaim 167.46","Discover Financial (DFS) Ties Up to Expand Serbia Presence 

$RIOT $AMC $BBIG $GME $PYPL $MARA $SQ $NFLX $DXY $SPY $QQQ $DJIA $DIA $AMZN $TSLA $F $GM $NKE $AAPL $LCID $RIVN $HMC $MSFT $FB $SNAP $GOOG $NFT $BTC $DOGE $COIN $JPM $BAC $BABA $CVS $HD üëáüëá

https://t.co/Bd6rfVcwiN","#stonksteam Wednesday #ewave
$spy $qqq $iwm $iwc $iwb $aapl $tsla $nya $dia $fb $amzn $amc $msft $pltr $afrm $zm 
@cnbc

 $tlt $tnx
Sponsored by TradingLounge
$ndx This here is the primary count though. https://t.co/sGkBxbpD3g",$AAPL continues to fall and we have a ways yet to go. https://t.co/cZPAsiAgAh,You can‚Äôt go wrong with $AAPL https://t.co/I1NPYuZnq9,"$spy $aapl $mvis $gme $amc $uber $gnpx $em $celz $dwac $vaxx   
            
RIGHT STOCK ALERTS IN BIO! FIFTEEN DOLLARS!",Stockboomer[Alphaversion] 2022-01-19 - Stockboomerrank,"Sentiment Analysis for Tuesday, January 18","WSB Sentiment Analysis for Tuesday, January 19","Here is a Market Recap for today Wednesday, January 19, 2022",Dark day but the storm will pass soon and the future remains very bright for Apple,What‚Äôs the play?,$AAPL Awaiting Buy Signal on AAPL,Where can I view the initial margin requirement and margin maintenance percentages for a particular stock?,YOLO $167.5 AAPL Calls,Todays most active stock options $AAPL $QD $SOFI $TSLA $BBIG $MSFT $CCJ $FB $LCID,$AAPL Awaiting for Buy signal with https://t.co/XPt98Ai7Qt https://t.co/QAUXKcHokZ,19.01.2022,"GME float turnover compared to MSFT, AMZN, AAPL, TSLA and more. By infographics anon","GME float turnover compared to MSFT, AMZN, AAPL, TSLA and more","1/19/2022 Daily Plays, Definitely a rough day yesterday, unfortunately I dont have confidence in any bounces, earnings coming are mediocre, SOFI issued bank charter at least, BBIG was near 6? For me to trade cash cow, PUTS on MELI, FRPT, BA, now DWAC, CALLS on JEF SCVL MRNA, shares of BBD, IVR, NYMT",UBS Raises Apple (AAPL) Estimates Heading Into Earnings on 'Likely' iPhone and Mac Upside; BofA Positive on AppStore Growth,,,,,,,,,,,,,,,,,,
1/18/2022,$AAPL once #semiconductor shortages are over  https://t.co/WqW70GE41r,"$T, $VZ pause some new 5G after airlines raise alarm 
$RIOT $AMC $BBIG $GME $PYPL $MARA $SQ $NFLX $DXY $SPY $QQQ $DJIA $DIA $AMZN $TSLA $F $GM $NKE $AAPL $LCID $RIVN $HMC $MSFT $FB $SNAP $GOOG $NFT $BTC $ETH $DOGE $COIN $JPM $BAC $C $WFC $CVS $HD üëáüëá
 https://t.co/QlXwK5jltz","COVID-19 health emergency could be over this year, WHO says 

$RIOT $AMC $BBIG $GME $PYPL $MARA $SQ $NFLX $DXY $SPY $QQQ $DJIA $DIA $AMZN $TSLA $F $GM $NKE $AAPL $LCID $RIVN $HMC $MSFT $FB $SNAP $GOOG $NFT $BTC $ETH $DOGE $COIN $JPM $BAC $C $CVS $HD üëáüëá

https://t.co/53kVTpSkUp","Let's see how long before $AAPL decides to break below that support or bounce from there

Chart from @TrendSpider with Alerts

https://t.co/qMCBBwOCRj",$AAPL is a 17 bagger since Cook took over https://t.co/m1mgG1dYLp,if $AAPL can use #accountaggregators to rollout #applecards for #buynowpaylater  with or without #tecos can easily do 20M #units in 2022  https://t.co/UWq1rGvoKs,"Ford, ADT form venture to make vehicle security products

$RIOT $AMC $BBIG $GME $PYPL $MARA $SQ $NFLX $DXY $SPY $QQQ $DJIA $DIA $AMZN $TSLA $F $GM $NKE $AAPL $LCID $RIVN $HMC $MSFT $FB $SNAP $GOOG $NFT $BTC $ETH $DOGE $COIN $JPM $BAC $C $CVS $HD üëáüëá

https://t.co/76R2TQf0ED","All things considered, $AAPL is holding up pretty well in this market. The daily chart looks fine for now. https://t.co/kgKWciez42","@Hedgeye @drelectricauto @chamath @michaelsobolik @RayDalio After watching the whole thing I would say he is exactly right! Our big corporations like Nike, AAPL, Disney etc don‚Äôt care! NBA and the players don‚Äôt care! Washington does not care! US consumer does not care! Prove home wrong‚Ä¶‚Ä¶.","Apple should still try &amp; propose a merge to Tesla. Unsure, though, $TSLA shareholders would approve it. Bet all $AAPL shareholders would. 100% sure. https://t.co/ALm7KD4Xa3","I traded red today. Not good, however I pulled TSLA SPY MSFT and AAPL up on the Algo charts and made some back positioned with spy. It was nice seeing a lot of things lined up","literally all the stocks that arent aapl msft or amzn are on freefall, how things changed from summer, this last semester has been horrible for """"""""""value investors""""""""""","US regulators aiming at illegal and anticompetitive mergers 

$RIOT $AMC $BBIG $GME $PYPL $MARA $SQ $NFLX $DXY $SPY $QQQ $DJIA $DIA $AMZN $TSLA $F $GM $NKE $AAPL $LCID $RIVN $HMC $MSFT $FB $SNAP $GOOG $NFT $BTC $ETH $DOGE $COIN $JPM $BAC $C $CVS $HD üëáüëá

https://t.co/KatUrb5tgx","if i had stocks, i only would be holding aapl and amzn rn, not worth the pain","New York mobile sports bets likely pass New Jersey for No. 1 
$RIOT $AMC $BBIG $GME $PYPL $MARA $SQ $NFLX $DXY $SPY $QQQ $DJIA $DIA $AMZN $TSLA $F $GM $NKE $AAPL $LCID $RIVN $HMC $MSFT $FB $SNAP $GOOG $NFT $BTC $ETH $DOGE $COIN $JPM $BAC $C $CVS $HD üëáüëá

 https://t.co/GIL5ouNxjR","$AAPL $157 looks very possible. Hard to see market bouncing until this does. 
https://t.co/GvK2UqytPS","@GerberKawasaki @tim_cook lol, zactly. Think hed see $RBLX too risky for the $AAPL brand and lose out on a demonstrable winner ... despite some glaring missteps. Like any company hasnt.",Belkin Launches New MagSafe Charger With Kickstand https://t.co/3brq2bEtIe $AAPL https://t.co/OwrXQZ3Z7z,"12 Information Technology Stocks Moving In Tuesday‚Äôs After-Market

$RIOT $AMC $BBIG $GME $PYPL $MARA $SQ $NFLX $DXY $SPY $QQQ $DJIA $DIA $AMZN $TSLA $F $GM $NKE $AAPL $LCID $RIVN $HMC $MSFT $FB $SNAP $GOOG $NFT $BTC $ETH $DOGE $COIN  $BABA $CVS $HD üëáüëá

 https://t.co/9ItAmCgBYa","@GerberKawasaki @tim_cook $AAPL wants to stay with consumer products, for autonomous car, a big mistake not buy Tesla; for metaverse, it‚Äôs wearable, not content.",Stockboomer[Alphaversion] 2022-01-18 - Stockboomerrank,Todays most active stock options $AAPL $BBIG $ATVI $BA $UBER $CAT $F $BAC,17.01.2022,18.01.2022,"$AAPL Awaiting Buy Signal,. Chart by UltraAlgo.com",GameStop is the chosen one,114% Gain on Options Today,114% Options Gain Today,114% Gain on Options Trading today,114% Gain on Options Trades today,"$AAPL - CY22 estimates appear conservative given healthy demand backdrop, although Dec China iPhone shipments sub-seasonal",Todays most active stock options $AAPL $BBIG $ATVI $BA $F $TSLA $BB $MSFT,"Why did Cathie sell her winners (NVDA, AAPL, TSLA) already fantastic companies to accumulate more losers like (Docu, Teladoc, ZM, FUBO, BIDU, etc)? Isn‚Äôt it easier to stick to one great business than many speculative ones?",$AAPL Awaiting Buy Signal. Free Trial https://t.co/wUyihfppva https://t.co/1wwvqcfl7h,2022-01-18 Short on AAPL,"CAD hedged etf with high allocation on AAPL , MSFT NVDA ?",$AAPL Awaiting Short signal with https://t.co/XPt98Ai7Qt https://t.co/gOH0GGQvqd,Are they trying to predict the future or set it? Google results for 'gamestop earnings',Options Premium Pairs Trading Indicators,Help about getting price data from DEMO account,"Most noteworthy stocks for Tuesday, January 18 2022",U.S. Senate panel to debate app store reform bill,Ericsson sues Apple again over 5G patent licensing,,,,,,,,,,,,
1/17/2022,LG Preparing to Supply OLED Panels for iPad by 2024 https://t.co/8CIEIxMyS2 $AAPL https://t.co/FKEfrA1Wb5,"@Gekko1955 i shorted $AAPL last week, looking for $125-135 target. Discretionary income evaporating, stalled supply, and increased costs, i expect reduced growth forecast, and a miss in 4q actuals. Am i crazy to think this isnt priced in already?",""" $BEST inc is one of the top undervalued plays IMO: high short float; big revenue; and potential bullish surprises""~@reddit

$LCID $RIVN $HMC $TM $IBM $MSFT $FB $DOGE $RIOT $PYPL $MARA $SQ $NFLX $DXY $SPY $QQQ $DJIA $DIA $AMZN $NIO $TSLA $F $GM $NKE $AAPL
https://t.co/myG9PUgy0T",$AAPL $MSFT $MCD $TSLA I‚Äôm with @fitz_keith and @rwang0! üëáüèº https://t.co/uylNGBumJa,@mrmichaelz98 Here's the 21 day ADR for $AAPL - care to plot your 21 day ADR for $AAPL and see what you get? 5 day 5 min chart below. https://t.co/ThjI0t1rzY,"$FB is taking VR seriously. Maybe too seriously.

$AAPL, $GOOGL, $MSFT sort of, maybe are? I'll put my money on Zuck.","$AAPL   I've made $230K with them, By their alert. If you really want to make a huge profit on trading. Choose this professional chat.
https://t.co/y1BEoJMsAY",Your truth: priority of caring about Uyghurs in China: $spy $dia $xly $xlu $xlp $xlv $xlb $xli $xlf $xlk $smh $gld $ief $fxi $bac $gs $pfe $jnj $aapl $mrna $twtr $disca $zm $hd $ba $cat $unh $mrk $dis $pypl $ebay $xom $cvx $tsla $amzn $bby $tgt $fslr $apd $mtch $mat $xle $amt,"Some analysts are saying Fed rate hikes will be a policy error 

$RIOT $AMC $BBIG $GME $PYPL $MARA $SQ $NFLX $DXY $SPY $QQQ $DJIA $DIA $AMZN $TSLA $F $GM $NKE $AAPL $LCID $RIVN $HMC $TM $IBM $MSFT $GOOG $NFT $BTC $ETH $DOGE $COIN $JPM $BABA $CVS $HD

https://t.co/c3yqg5T87v",$SPY $DJIA #NASDAQ #SPX  #CNN #CNBC #FoxBusiness #BLOOMBERG $AAPL $FB $AMZN $NFLX $GOOG https://t.co/lPUvTSNnzd,"1/18 Watchlist 
 @Hanloroptions 

$AAPL Calls &gt; 173.75 | Puts &lt; 171.10
$SPY Calls &gt; 465.50 | Puts &lt; 462.70
$WMT calls &gt;145.50| Puts &lt;  143.90
$QQQ calls &gt; 382.60 | Puts &lt; 377.60
 $FDX calls &gt; 257.00 | Puts &lt; 254.88

Join the free discord in bio! Let‚Äôs all bank Tomorrow",$qcom $tsm $cat $aapl https://t.co/uZ0djjM8EA,"$AAPL dam thats shady, and I think apple is biting too much than they can chew already. ie. Driverless vehicles
https://t.co/q0Usx1RW6J

Apple's AirTags are reportedly being used to track people without their knowledge. Here's how to keep yourself safe.","Largest DP orders on Friday14th (over $100 single transaction)
$COST 205M
$CSCO 117M
$INTC 282M 
$MSFT 297M
$PG 239,126M
$TGT 101M 
$WFC 180M 
$ABBV 218M 
$ABT 129M 
$AAPL 567,205M
$F 248M 
$CVX $192M
$CVNA 104M 
$RBLX 153M 
$QCOM $163M
$UNH 171M
$PNC 105M","$BTC price drops below $42K, but analysts still expect ‚Äòone more impulse‚Äô move

$RIOT $AMC $BBIG $GME $PYPL $MARA $SQ $NFLX $DXY $SPY $QQQ $DJIA $DIA $AMZN $TSLA $F $GM $NKE $AAPL $LCID $RIVN $HMC $TM $IBM $MSFT $FB $GOOG $NFT $BTC $ETH $DOGE $COIN
 
 https://t.co/tXYr5rUiKR",Here's how and why you should set up Cardio Fitness on Apple Watch and iPhone https://t.co/yySR790KlG $AAPL https://t.co/0pzIyyNYEB,$AAPL 50ema as support if it comes https://t.co/ij0VHMc3wF https://t.co/s5YU17VBz9,"@808emanresu Heavily invested in $ASTS, alot hurdles to be achieved.  Hate it when people compare them to others, AAPL, TSLA, MSFT ETC.  Could it work? #yes Will it work?  Signs point to go.  #iminheavy",Looks like another week of them jacking up the 10 year to make the computer algos sell tech ü§¶üèª‚Äç‚ôÇÔ∏è $tsla $apps $mmat $aapl $goog $amzn $tnx https://t.co/iMJ3UOKaQc,The past year has been tough for Netflix (NASDAQ:NFLX). Its shares trade in five top tech companies including Amazon (NASDAQ:AMZN) and Apple (NASDAQ:AAPL)... #TejRan,@LynAldenContact I would pay an $AAPL share to see @LynAldenContact on the Apple Board of Directors!,Restructuring my portfolio as a 25yo (using data and rational thought),Build your own ARK!,Looking for a mod/community manager for new NFT Project (stocks + NFT's),Rate my portfolio,What are some ways to control the urge to panic and sell out of positions your are in the red in during volatile and FUD moments in market?,Should I start taking profits from aapl &amp; msft before the upcoming correction?,Tue Jan 18 00:49:46 2022,$AAPL Waiting for buy signal https://t.co/cHOF4Va7br https://t.co/EAh2PBxxOI,"Most noteworthy stocks for Monday, January 17 2022","I scraped r/shortsqueeze for the top ticker mentions in the last 24H. Here are the results (Monday January 17, 2022)",$AAPL Waiting for buy signal https://t.co/cHOF4V9zlT https://t.co/89MEawjQTz,Would it make sense for me to sell my $AAPL shares?,First time Canadian Investor seeking some help,Rate my 'folio?,$AAPL Awaiting Buy Signal. Free Trial at UltraAlgo.com,Which one MSFT or AAPL,Dutch consumer watchdog to vet Apple dating app payment reforms,,,,,,,,,,,,,,,,,
1/16/2022,"Russia backs away from unpopular anti-coronavirus measures

$RIOT $PYPL $MARA $SQ $NFLX $DXY $SPY $QQQ $DJIA $DIA $AMZN $TSLA $F $GM $NKE $AAPL $LCID $RIVN $HMC $TM $IBM $FB $SNAP $GOOG $NFT $BTC $ETH $DOGE $COIN $JPM $BAC $C $WFC $ADBE $BABA $CVS $HD

 https://t.co/BaZMkHPxb6","$ADGI $PACB $VRTX $BNTX $NVAX
5 Top Biotech Stocks to Watch 

$RIOT $PYPL $MARA $SQ $NFLX $DXY $SPY $QQQ $DJIA $DIA $AMZN $TSLA $F $GM $NKE $AAPL $LCID $RIVN $HMC $TM $IBM $MSFT $FB $SNAP $GOOG $NFT $BTC $ETH $DOGE $COIN $JPM $BAC $C $WFC $ADBE $BABA $CVS https://t.co/Qn67NQym1n","UK says there is ‚Äòdeal to be done‚Äô to resolve feud with EU 

$RIOT $PYPL $MARA $SQ $NFLX $DXY $SPY $QQQ $DJIA $DIA $AMZN $TSLA $F $GM $NKE $AAPL $LCID $RIVN $HMC $TM $IBM $MSFT $FB $SNAP $GOOG $NFT $BTC $ETH $DOGE $COIN $JPM $BAC $C $WFC $ADBE $BABA $CVS 

https://t.co/VTNfc0CEO7","Cyberattack in Ukraine targets government websites

$RIOT $PYPL $MARA $SQ $NFLX $DXY $SPY $QQQ $DJIA $DIA $AMZN $TSLA $F $GM $NKE $AAPL $LCID $RIVN $HMC $TM $IBM $MSFT $FB $SNAP $GOOG $NFT $BTC $ETH $DOGE $COIN $JPM $BAC $C $WFC $ADBE $BABA $CVS $HD

 https://t.co/N0jdXR0cL8","Owners to get $42 million for citrus trees Florida destroyed  

$RIOT $PYPL $MARA $SQ $NFLX $DXY $SPY $QQQ $DJIA $DIA $AMZN $TSLA $F $GM $NKE $AAPL $LCID $RIVN $HMC $TM $FB $SNAP $GOOG $NFT $BTC $ETH $DOGE $COIN $JPM $BAC $C $WFC $ADBE $BABA $CVS $HD

https://t.co/tIzNXYZd8w","Apple Inc. (AAPL) surprised the market with Q4 result.  J.P. Morgan Chase changed the rating to Hold, as Apple Inc. (AAPL) has negative EPS revisions (down 3%) and not enough upside to warrant a Buy rating.","Czechs to let some workers stay on after testing positive

$RIOT $PYPL $MARA $SQ $NFLX $DXY $SPY $QQQ $DJIA $DIA $AMZN $TSLA $F $GM $NKE $AAPL $LCID $RIVN $HMC $TM $IBM $FB $SNAP $GOOG $NFT $BTC $ETH $DOGE $COIN $JPM $BAC $C $WFC $ADBE $BABA $CVS $HD

 https://t.co/YGciRnN8Oq","$TSLA importance of 1000 pivot as it wildly spikes or drops
hold above 1000, CLOSE over 1100,1150 then 1200 can test
Friday flow hinting at a move up
$dkng $f $q $sndl $msft $snap $hood $bb $wmt $pton $aapl $spy $amc $amzn $dis $nio $lcid $pfe $fb $nflx $ccl $baba $nvda $pltr","Cyber attack in Albuquerque latest to target public schools 

$RIOT $PYPL $MARA $SQ $NFLX $DXY $SPY $QQQ $DJIA $DIA $AMZN $TSLA $F $GM $NKE $AAPL $LCID $RIVN $HMC $TM $IBM $FB $SNAP $GOOG $NFT $BTC $ETH $DOGE $COIN $JPM $BAC $C $WFC $ADBE $BABA $CVS $HD

https://t.co/XYwTpSOp5F","This aged well $AMC üòÇüòÇüòÇüòÇ‚ò∫Ô∏è‚ò∫Ô∏è‚ò∫Ô∏èüòÇ‚ò∫Ô∏è

$SPX $SPY $AAPL $AMZN #ES $AMD $NQ #stocks #bearish #bullish #nasdaq #dowjones https://t.co/NRy2QJHfM0 https://t.co/QR3jaGK0Dq","This aged well $AMC

$SPX $SPY $AAPL $AMZN #ES $AMD $NQ #stocks #bearish #bullish #nasdaq #dowjones https://t.co/f3wtvknumj","With its agenda stuck, WH puts focus back on infrastructure 

$RIOT $PYPL $MARA $SQ $NFLX $DXY $SPY $QQQ $DJIA $DIA $AMZN $TSLA $F $GM $NKE $AAPL $LCID $RIVN $HMC $TM $FB $SNAP $GOOG $NFT $BTC $ETH $DOGE $COIN $JPM $BAC $C $WFC $ADBE $BABA $CVS $HD

https://t.co/phYXJ8uF0R","Bank profits soared in 2021, but inflation is front of mind 

$RIOT $PYPL $MARA $SQ $NFLX $DXY $SPY $QQQ $DJIA $DIA $AMZN $TSLA $F $GM $NKE $AAPL $LCID $RIVN $HMC $TM $FB $SNAP $GOOG $NFT $BTC $ETH $DOGE $COIN $JPM $BAC $C $WFC $ADBE $BABA $CVS $HD

https://t.co/bofX8FryIT","Federal testing website launches next week, 4 tests per home 

$RIOT $PYPL $MARA $SQ $NFLX $DXY $SPY $QQQ $DJIA $DIA $AMZN $TSLA $F $GM $NKE $AAPL $LCID $RIVN $HMC $TM $FB $SNAP $GOOG $NFT $BTC $ETH $DOGE $COIN $JPM $BAC $C $WFC $ADBE $BABA $CVS $HD

https://t.co/80yADfjZMD",@AutumnCapital but it has no where near the net income aapl does,"Positions going into Tuesday 
üÖµüÖæüÖªüÖªüÖæüÜÜ üÖµüÖæüÜÅ üÜÇüÜÉüÖæüÖ≤üÖ∫ üÜÉüÜÅüÖ∞üÖ≥üÖ¥üÜÇ
$dkng $f $q $sndl $msft $snap $hood $bb $wmt $pton $aapl $tsla $amc $amzn $dis $nio $lcid $pfe $fb $nflx $ccl $baba $nvda $pltr $spy $gme $dis $pypl $dkng $rblx $qqq $snow $roku $coin $pfe https://t.co/xPAmr6XlsZ","Shkreli ordered to return $64M, is barred from drug industry

$RIOT $PYPL $MARA $SQ $NFLX $DXY $SPY $QQQ $DJIA $DIA $AMZN $TSLA $F $GM $NKE $AAPL $LCID $RIVN $HMC $TM $IBM $FB $SNAP $GOOG $NFT $BTC $ETH $DOGE $COIN $JPM $BAC $C $WFC $ADBE $BABA $CVS $HD

 https://t.co/ZJDiSDDk0r","$MSFT Microsoft Warns Ukrainian Government 

$RIOT $PYPL $MARA $SQ $NFLX $DXY $SPY $QQQ $DJIA $DIA $AMZN $TSLA $F $GM $NKE $AAPL $LCID $RIVN $HMC $TM $IBM $MSFT $FB $SNAP $GOOG $NFT $BTC $ETH $DOGE $COIN $JPM $BAC $C $WFC $ADBE $BABA $CVS $HD https://t.co/aLkIfAS8Nn","#BettyWhiteChallenge raising money and awareness for animals 

$RIOT $PYPL $MARA $SQ $NFLX $DXY $SPY $QQQ $DJIA $DIA $AMZN $TSLA $F $GM $NKE $AAPL $LCID $RIVN $HMC $TM $FB $SNAP $GOOG $NFT $BTC $ETH $DOGE $COIN $JPM $BAC $C $WFC $ADBE $BABA $CVS $HD

https://t.co/XyLvXtmae4","@camilasdad222 Exxon/chevron, aapl, mcd are all solidly high yield and of course pretty reliable companies historically.","Top 10 NFTs: Meebits, CryptoSkulls, World of Women Surge

$RIOT $PYPL $MARA $SQ $NFLX $DXY $SPY $QQQ $DJIA $DIA $AMZN $TSLA $F $GM $NKE $AAPL $LCID $RIVN $HMC $TM $IBM $MSFT $FB $SNAP $GOOG $NFT $BTC $ETH $DOGE $COIN $JPM $BAC $C $WFC $ADBE $BABA $CVS $HD https://t.co/QD180mboRN","üöÄ Posting this because the question of Retail ownership being ~80-90%, and wanting updates from AA, keeps coming up üöÄ",Plumpshandeln. Erster Akt.,AAPL CALL $200 February third week $100K value,Need help in preparing for retirement,Personal thoughts on what it means to be diversified,DD - Roku / ZM / PTON - Now is the Time,Now is the Time - Tech Reversion Trade,What Stocks Will You Buy in a Downturn?,Tech Stock Reversion - ZM / PTON / ROKU,What do you guys do with dividends?,NFT TV: The Televised Corollary of Web 3.0,Sun Jan 16 23:40:54 2022,"I scraped r/SPACs for the top ticker mentions in the last 24H. Here are the results (Sunday January 16, 2022)","I scraped Reddit for the top ticker mentions in the last 24H. Here are the results (Sunday January 16, 2022)",Why Hedge Funds Selling Tech &amp; Fin-Tech Stocks | Don't do this Mistake,IBKR Trust Account to hold stocks for my young son,Taking Recommendations,,,,,,,,,,,,,,,,,
1/15/2022,"[SCAN RESULTS - 15m]

Exchange: #FTX

Top 5 bullish trend (#PERP futures)
1: $HT
2: $OMG
3: $RSR
4: $KNC
5: $STORJ

Top 5 bullish trend (#USD stocks)
1: $TSM
2: $AMD
3: $AAPL
4: $ARKK
5: $NVDA

Not buy signals. #DYOR
Follow @DYORCryptoBot for more contents.","What are your Top Stock Picks for the #Metaverse ?

Mine are:
1. $MSFT
2. $NVDA 
3. $FB (Meta)
4. $AAPL
5. $RBLX 
6. $QCOM

Comment yours 
üëá",Two Rough First Weeks: Will the Rest of 2022 Be Like This? -- article I wrote for Crush the Street https://t.co/Gnd9DgCEmV #fed $TLT $SPY $QQQ $DIA $DJIA #stockmarket #investing #finance #stocks $AAPL $TSLA $AMZN $INTC $NFLX $AMC $NIO $GME,$RIOT $MARA $SOS $TSLA $TSLA $AAPL $FB $GME Improve your trading success and master Elliott Wave like a pro with our 14 day trial https://t.co/3pJ120pruj #elliottwave #trading #forex #stocks,Tesla Giga Nevada Adds More Solar Panels in Continued Move Towards Carbon Neutrality https://t.co/VdI5eCxt75 $tsla $goog $aapl $amzn $rivn $nio $lcid $xpev $li $f $gm @elonmusk,"@dimamonov77 @EA_IFConsultant @VickiBryanBondA $TSLA isn't $AAPL, and cars are not hand held electronics. Tesla sells vaporware to idiots. You can't sell a worthless gimmick like FSD to the masses if the masses were to ever buy $TSLA cars. Your margin argument with Apple is just stupid.","[SCAN RESULTS - 15m]

Exchange: #FTX

Top 5 bullish trend (#PERP futures)
1: $HT
2: $FLOW
3: $OMG
4: $KNC
5: $STORJ

Top 5 bullish trend (#USD stocks)
1: $AMD
2: $TSM
3: $AAPL
4: $FB
5: $NFLX

Not buy signals. #DYOR
Follow @DYORCryptoBot for more contents.","RT @TheLucidVerse: Lucid Could Potential Be Crowned the Maker of the Apple Car $LCID #Lucid $AAPL #Apple #stocks 
https://t.co/QJG68mk2K1 h‚Ä¶ follow @medeepakjain #medeepakjain #entrepreneurshipwithdeepak #stockmarket #sensex #nifty50 #nse #bse #meenuvatika",@blueshirt_omaha $aapl especially.,"[SCAN RESULTS - 15m]

Exchange: #FTX

Top 5 bullish trend (#PERP futures)
1: $OMG
2: $STORJ
3: $RSR
4: $LUNA
5: $KNC

Top 5 bullish trend (#USD stocks)
1: $AAPL
2: $FB
3: $AMD
4: $BITW
5: $ARKK

Not buy signals. #DYOR
Follow @DYORCryptoBot for more contents.",Class action suit targets Powerbeats Pro over reduced battery life https://t.co/ILbL3d2D2E $AAPL https://t.co/eFdPQrySLu,I think $Aapl is a good short as a hedge to the market. Going to initiate a position next week https://t.co/5LIirBHdSf,"$AAPL  Starting with $25k,down to $15k, back up to $85k,Lot of thanks to this chat,https://t.co/Ohs2KtyluZ","Count of mentions for the tickers in last 1 hr

1. $TSLA: 104 (9)
2. $AMC: 67 (-2)
3. $AAPL: 53 (5)
4. $AMZN: 44 (2)
5. $MSFT: 36 (7)
6. $FB: 31 (-7)
7. $NIO: 18 (-2)
8. $NVDA: 11 (5)

Top speaker: @AlertTrade",@JPATrades @unusual_whales Can u pls do aapl dd based on upcoming earnings on the 27th?,@WOLF_Financial Load up on $AAPL $MCD &amp; $SBUX üí∞,"Memecoin Floki Inu To Become A DAO; Developers Say

$RIOT $PYPL $MARA $SQ $NFLX $DXY $SPY $QQQ $DJIA $DIA $AMZN $TSLA $F $GM $NKE $AAPL $LCID $RIVN $HMC $TM $IBM $MSFT $FB $SNAP $GOOG $NFT $BTC $ETH $DOGE $COIN $JPM $BAC $C $WFC $ADBE $BABA $CVS $HD

 https://t.co/GvxNRId03H","Russia Busts Revil Ransomware Group on US Request,

$RIOT $PYPL $MARA $SQ $NFLX $DXY $SPY $QQQ $DJIA $DIA $AMZN $TSLA $F $GM $NKE $AAPL $LCID $RIVN $HMC $TM $IBM $MSFT $FB $SNAP $GOOG $NFT $BTC $ETH $DOGE $COIN $JPM $BAC $C $WFC $ADBE $BABA $CVS $HD

 https://t.co/OoNEQ04ts4",A list of triggers from a Dreamsexual discord,Best way to invest 6K/month?,This is a really novice question but...,Conversation about Macroeconomics,What is the best way to allocate capital when most of your stocks are down 30% or more. And you're interested in other stocks that are down?,What is the best way to allocate capital when most of your holdings are down 30% or more. And are interested in other stocks that are down?,Valuation,$3k to $40k in a week,$AAPL Awaiting Short signal with https://t.co/XPt98Ai7Qt https://t.co/HekiqRacEY,Stuck in boot loop,PMCC... but with longer dated Short Position? Pros and Cons?,My strategy for investing in 2022,AAPL Price Predictions - Apple Inc. Stock Analysis for Tuesday,Sat Jan 15 22:39:36 2022,"I scraped Reddit for the top ticker mentions in the last 24H. Here are the results (Saturday January 15, 2022)",2nd Net Worth Post - 113k to 165k,Tool to convert TradingView lists to OptionStalker,Daily Market Update for 1/14,Bought the dip?? Ken Hicks is,Hope you bought the dip... Ken Hicks sure did,$LCID x $AAPL https://www.torquenews.com/16714/will-apple-and-lucid-team-create-apple-car,Apple to require employee proof of COVID-19 booster -The Verge,Apple complies with Dutch watchdog ruling on payment options in Netherlands,,,,,,,,,,,,,,
1/14/2022,@Equality_Every1 @ByeonChansoo @28delayslater All the EV market is in a bubble based on FOMO and hype. I don't know why you're comparing $TSLA with $AAPL and $AMZN. ü§¶,"$AAPL

Price has so far held the support on 34,50 ema cloud very strongly

One thing to remember and also be careful about is, this is 1 of those stocks that has still not been cut into 1/2 like others ... Just saying üôÑ

Chart from @TrendSpider 

https://t.co/Y6VDaGBd4y","@DegenNFTs @BoredApeYC if this happens, i'm shorting aapl","@Doctor_Guru @ByeonChansoo @28delayslater Do you assess Competition being on time vs delayed?
That's what will matter for $/ROI.

E.g: $AAPL launches $55K EV, 2022 end, margin 20%. Great ! &lt;== Investment $ split moves 

Stereotyping $TSLA investors, repeating these bullet points like a ü¶úwont make $","#stonksteam Friday
#nasdaq Largest 22
$aapl $msft $amzn $fb $tsla $nvda $goog $googl $csco $avgo $adbe $pep $nflx $ndx $compq $qqq https://t.co/iqUSnCRz0R","#stonksteam Friday
#nasdaq Largest 22
$aapl $msft $amzn $fb $tsla $nvda $goog $googl $csco $avgo $adbe $pep $nflx $ndx $compq $qqq https://t.co/HmlMxRLq0L","@Doctor_Guru @ByeonChansoo @28delayslater *I don't invest based on promises*
I invest based on facts, financials, conviction, leadership. 

Countless $AAPL, $AMZN products have been ""delayed"", by that claim/definition.

Investing/shorting based on promises(from anyone) = Pain.

I'm making bank, are you?",$AAPL  new alert at https://t.co/A7qrDarJHY  #stocks #daytrading  #NYSE #NASDAQ #market 571,"Atlanta Fed GDPNow tracker at 5% versus 6.8% on Jan 10 
$RIOT $PYPL $MARA $SQ $NFLX $DXY $SPY $QQQ $DJIA $DIA $AMZN $TSLA $F $GM $NKE $AAPL $LCID $RIVN $HMC $TM $IBM $MSFT $FB $SNAP $GOOG $NFT $BTC $ETH $DOGE $COIN $JPM $BAC $C $WFC $ADBE $BABA $CVS $HD

https://t.co/YcYWnf146C","3 candle reversal in $AUDUSD leaves the pair as 1 
$RIOT $PYPL $MARA $SQ $NFLX $DXY $SPY $QQQ $DJIA $DIA $AMZN $TSLA $F $GM $NKE $AAPL $LCID $RIVN $HMC $TM $IBM $MSFT $FB $SNAP $GOOG $NFT $BTC $ETH $DOGE $COIN $JPM $BAC $C $WFC $ADBE $BABA $CVS $HD

https://t.co/jOCA6ZWT7j","Nasdaq toys with a close below the 200 day MA today 
$RIOT $PYPL $MARA $SQ $NFLX $DXY $SPY $QQQ $DJIA $DIA $AMZN $TSLA $F $GM $NKE $AAPL $LCID $RIVN $HMC $TM $IBM $MSFT $FB $SNAP $GOOG $NFT $BTC $ETH $DOGE $COIN $JPM $BAC $C $WFC $ADBE $BABA $CVS $HD

https://t.co/NlpWvTwRg8",Meme stocks are tanking      $SPY $QQQ $DIA $DJIA #stockmarket #investing #finance #stocks $AAPL $TSLA $AMZN $INTC $NFLX $AMC $NIO $GME https://t.co/Hb43CokXTt,@ZubyMusic Indeed. Had I bought aapl day 1 and hodl. Good times.,"ICON commits $200M to interoperability incentive fund
$RIOT $PYPL $MARA $SQ $NFLX $DXY $SPY $QQQ $DJIA $DIA $AMZN $TSLA $F $GM $NKE $AAPL $LCID $RIVN $HMC $TM $IBM $MSFT $FB $SNAP $GOOG $NFT $BTC $ETH $DOGE $COIN $JPM $BAC $C $WFC $ADBE $BABA $CVS $HD

 https://t.co/B3TNYvOaBl",@Vandal7373 Seems many agree to your thesis on $AAPL https://t.co/NYKE5pugGK,"WTI crude oil closes in on the best levels of 2021 
$RIOT $PYPL $MARA $SQ $NFLX $DXY $SPY $QQQ $DJIA $DIA $AMZN $TSLA $F $GM $NKE $AAPL $LCID $RIVN $HMC $TM $IBM $MSFT $FB $SNAP $GOOG $NFT $BTC $ETH $DOGE $COIN $JPM $BAC $C $WFC $ADBE $BABA $CVS $HD

https://t.co/APZWfVOLpa",@netw3rk Open up a lemonade stand and use all the proceeds to AAPL and MSFT shares,"Rising yields no obstacle for the risk trade today 
$RIOT $PYPL $MARA $SQ $NFLX $DXY $SPY $QQQ $DJIA $DIA $AMZN $TSLA $F $GM $NKE $AAPL $LCID $RIVN $HMC $TM $IBM $MSFT $FB $SNAP $GOOG $NFT $BTC $ETH $DOGE $COIN $JPM $BAC $C $WFC $ADBE $BABA $CVS $HD

https://t.co/1U4uIlHpZe","TWITTER - Who Would Be Best MA For #Twitter 
$TWTR + $MSFT $GOOG $DIS $FB $AAPL $VZ https://t.co/j1LjbFYMij","@3PeaksTrading People are ignoring that a lot of those names are just bear flagging. $TSLA $AAPL even $QQQ and $SPY, I do believe we get another sell off next week to retest 370 on QQQ to see if that level holds, then maybe some long opportunity will emerge.","$EURUSD bounces near 100 hour MA 
$RIOT $PYPL $MARA $SQ $NFLX $DXY $SPY $QQQ $DJIA $DIA $AMZN $TSLA $F $GM $NKE $AAPL $LCID $RIVN $HMC $TM $IBM $MSFT $FB $SNAP $GOOG $NFT $BTC $ETH $DOGE $COIN $JPM $BAC $C $WFC $ADBE $BABA $CVS $HD

https://t.co/bz4S3yi5rS",Selling CCS on underlying stock instead of CCs,Stockboomer[Alphaversion] 2022-01-14 - Stockboomerrank,Wheel or CC on IWM/QQQ/SPY in an inherited IRA,Todays most active stock options $TSLA $AAPL $F $NVDA $BAC $BBIG $LVS $SDC,"$AAPL has a favorable set up for 2022, and may be a good place for tech investors to hide in the current environment",,,,,,,,,,,,,,,,,,,,,,,,,,,,,
